"-110.215553","47.153610"
"-110.402222","40.163334"
"6.516667","46.833332"
"6.583333","47.049999"
"6.516667","46.833332"
"6.300000","46.716667"
"6.516667","46.833332"
"7.083333","47.049999"
"7.083333","47.016666"
"-74.683334","39.971943"
"5.783333","50.866669"
"0.833333","51.400002"
"-1.316667","51.016666"
"-1.166667","51.083332"
"31.250000","30.049999"
"-176.000000","-44.333332"
"-81.760559","33.143333"
"-123.597221","47.327778"
"-107.925835","38.901669"
"-96.692780","30.531111"
"-2.633333","52.483334"
"-118.083336","52.883331"
"9.000000","52.000000"
"-106.099998","47.799999"
"-86.519997","31.366667"
"79.816666","8.283333"
"24.792778","59.072224"
"-61.966667","45.616669"
"18.150000","-32.976002"
"-111.324570","50.815014"
"-111.038002","39.051498"
"-111.325546","50.781303"
"-82.514702","27.336000"
"-103.000000","53.119999"
"-109.297203","46.465099"
"-109.900002","46.200001"
"-79.800003","9.350000"
"-74.300003","40.299999"
"-81.066666","31.983334"
"-81.099998","32.000000"
"-4.836939","30.505667"
"-64.800003","-18.450001"
"-101.133331","38.900002"
"-114.083336","28.683332"
"-109.616669","44.950001"
"-109.129166","45.823334"
"-75.166664","39.783333"
"-83.550003","41.666668"
"14.183333","49.933334"
"77.866669","17.216667"
"-104.366669","43.299999"
"-103.516670","29.316668"
"-75.650558","39.555000"
"-98.253334","32.003334"
"-98.269997","32.003334"
"-98.201942","32.220554"
"-97.616669","33.283333"
"-99.433334","27.533333"
"-90.738899","35.020000"
"-97.688332","32.373333"
"-104.491669","40.386391"
"48.531387","55.148609"
"-2.634513","42.664555"
"73.183334","20.533333"
"76.983330","30.983334"
"0.083333","44.083332"
"-74.274170","40.259998"
"-80.397499","27.638332"
"-110.470001","49.119999"
"9.059167","55.307220"
"-109.099998","49.500000"
"8.000000","34.000000"
"-85.026665","32.164165"
"-105.883331","24.383333"
"-98.026390","39.890278"
"-108.866669","44.983334"
"-102.699997","36.997223"
"35.000000","30.833332"
"32.166668","36.166668"
"-108.486115","36.486111"
"-108.513611","36.486111"
"-108.535004","36.488335"
"-9.116667","38.733334"
"-9.116667","38.716667"
"-98.332001","49.331001"
"-98.477203","49.476501"
"173.516663","-42.566666"
"176.750000","-39.000000"
"43.738888","28.761110"
"5.483300","43.599998"
"-93.400002","31.000000"
"-115.066666","39.616669"
"-111.484657","50.750553"
"44.059200","48.625599"
"31.075001","30.012501"
"32.623058","28.485830"
"29.166670","25.500000"
"31.533331","29.666670"
"31.915831","26.180559"
"4.563495","50.918949"
"79.816666","8.283333"
"27.583332","-32.983334"
"1.274000","51.846001"
"-1.566667","50.666668"
"-1.592778","50.724998"
"-1.083333","50.666668"
"32.266666","-28.416668"
"-1.200500","50.796001"
"32.966667","29.250000"
"-1.211500","50.804001"
"31.250834","30.077778"
"18.866667","28.883333"
"3.216667","6.900000"
"50.114166","26.425833"
"-1.691667","50.738888"
"7.083333","6.833333"
"-1.783333","50.849998"
"-1.483333","50.916668"
"-1.691667","50.738888"
"-70.050003","10.366667"
"-114.900002","27.700001"
"-103.766899","46.026402"
"-103.753899","45.977699"
"-103.766899","46.026402"
"-103.774597","46.209202"
"-103.964401","46.381901"
"-103.961700","45.948799"
"-103.939697","46.406399"
"-103.300003","46.099998"
"-103.964401","46.381901"
"-103.836998","46.180302"
"-104.023300","46.449799"
"-103.897903","46.334000"
"-111.494652","50.736988"
"-111.511536","50.752384"
"-111.480057","50.737049"
"-111.458488","50.749004"
"-111.510078","50.748341"
"-111.502129","50.747658"
"-103.946098","45.939030"
"-111.138977","50.068684"
"-110.872475","49.127655"
"-110.874527","49.127880"
"-110.938988","49.098022"
"-110.939667","49.100048"
"-110.941040","49.101849"
"68.650002","23.566668"
"68.687500","23.505501"
"68.683334","23.652779"
"70.116669","29.933332"
"-92.901665","31.656668"
"-96.541664","30.629999"
"-99.433334","27.533333"
"-87.900002","31.500000"
"-83.359169","32.905556"
"-90.738899","35.020000"
"-90.711388","35.242222"
"-110.840065","49.081963"
"-110.684402","49.075459"
"-110.683640","49.077595"
"-106.383301","49.366669"
"64.666664","41.500000"
"12.766670","26.583330"
"-112.911301","51.709999"
"139.383331","-35.316666"
"-110.848457","49.137970"
"-110.719452","49.161789"
"-110.700768","49.076290"
"139.449997","-35.283333"
"-104.637001","43.116329"
"-108.667801","41.568298"
"-108.648598","41.568298"
"-110.715843","49.074078"
"-110.702820","49.075844"
"-110.732346","49.187008"
"-110.734390","49.193851"
"-93.083336","16.666668"
"-115.175552","28.114721"
"-74.719719","-15.580833"
"-74.871994","-15.441929"
"-74.781944","-15.482778"
"-74.690277","-15.557222"
"-74.746391","-15.576944"
"-75.388870","-14.774381"
"-75.671387","-14.558056"
"-113.124603","52.328400"
"7.600000","5.550000"
"7.516667","5.566667"
"86.726387","21.881111"
"86.726944","21.850555"
"86.726387","21.881111"
"86.726944","21.850555"
"86.737503","21.896389"
"-81.669998","26.717222"
"-74.550003","40.116669"
"6.450000","50.900002"
"49.393612","25.983610"
"143.583328","-20.866667"
"-57.814167","-63.926666"
"49.393612","25.983610"
"19.698889","48.306946"
"-111.624329","50.791401"
"-111.463036","50.750069"
"-111.531418","50.755440"
"-111.321968","50.829140"
"-111.514679","50.767208"
"-111.523872","50.765007"
"-111.506981","50.750423"
"-111.524963","50.748547"
"-111.577621","50.812054"
"-111.474724","50.750278"
"-111.514915","50.749939"
"-111.398720","50.754803"
"11.011111","52.224445"
"-111.631660","50.809345"
"-107.278099","42.854401"
"18.500000","25.750000"
"-79.530830","21.621111"
"12.217500","46.139999"
"11.289167","45.812500"
"-107.133301","47.549999"
"-107.316704","47.616699"
"-104.533333","43.183334"
"21.406111","49.725555"
"-100.279900","38.680000"
"-104.566704","43.150002"
"-107.099998","47.566700"
"-107.099998","47.549999"
"-107.099998","47.566700"
"-104.533302","43.166698"
"-106.400002","47.516701"
"-106.416702","47.516701"
"-106.400002","47.516701"
"-107.250000","47.549999"
"-107.183327","47.516701"
"-106.916702","47.533298"
"-104.583298","43.233299"
"-106.916702","47.066700"
"-106.266701","47.599998"
"-106.283302","47.599998"
"-104.466698","43.200001"
"-107.050003","47.516701"
"-106.883301","47.533298"
"-104.533302","43.233299"
"-107.233330","47.599998"
"-104.616699","43.799999"
"-104.566704","43.150002"
"-106.099998","47.799999"
"-113.000000","37.700001"
"22.577499","51.242222"
"-88.654167","31.641945"
"-88.694168","31.808056"
"-77.573059","35.011112"
"-66.699997","-47.716667"
"-117.366669","33.200001"
"-66.699997","-47.716667"
"-121.683060","54.016666"
"139.911667","-34.149166"
"25.116388","45.239723"
"7.458889","43.765556"
"-109.099998","46.099998"
"16.061111","48.634724"
"139.516663","35.383331"
"141.603058","-38.361942"
"141.933334","-37.724998"
"141.944443","-37.728333"
"143.583328","-38.483334"
"143.149994","-38.700001"
"144.100006","-38.466667"
"144.283340","-38.366669"
"144.300003","-38.333332"
"144.270279","-38.204166"
"144.280563","-38.092499"
"144.149994","-37.933334"
"144.500000","-38.183334"
"145.042221","-37.992779"
"146.850006","-38.250000"
"147.966660","-37.854721"
"148.399994","-37.750000"
"138.609726","-34.833332"
"139.383331","-35.316666"
"140.664993","-37.832779"
"145.752502","-40.983612"
"148.083328","-39.983334"
"69.025833","23.103889"
"-147.349442","61.870556"
"-118.691666","34.302776"
"-118.714500","34.267200"
"-118.667297","34.313702"
"133.242004","35.242477"
"133.036697","35.431957"
"132.999786","35.429836"
"132.958038","35.378613"
"132.922638","35.412560"
"132.913559","35.402256"
"132.806458","35.461964"
"132.669083","35.297081"
"132.504486","34.859108"
"132.050644","34.870625"
"131.751709","34.664825"
"133.198578","36.270016"
"133.255463","36.213032"
"-107.054604","35.197899"
"-108.262703","36.271099"
"-112.985298","49.912998"
"-97.320831","32.725277"
"-112.099998","26.200001"
"-112.000000","26.350000"
"-112.500000","26.233334"
"-121.819725","37.503887"
"-122.035103","37.053589"
"-122.004997","36.996387"
"-122.050499","37.071499"
"-122.010696","37.011108"
"-120.283333","35.450001"
"-117.702499","33.597778"
"-117.713333","33.560833"
"-122.999443","37.993610"
"-122.042397","36.951752"
"-117.377777","33.209721"
"-117.366669","33.200001"
"-117.704720","33.635277"
"176.500000","-43.816666"
"176.766663","-44.283333"
"-52.326389","-32.388332"
"-107.054604","35.197899"
"-78.511108","-5.741667"
"-103.522636","53.210037"
"-82.516670","29.549999"
"174.283340","-39.583332"
"-101.500000","46.900002"
"-109.500000","49.099998"
"-107.400002","49.400002"
"137.052048","37.072502"
"-58.549999","-34.533298"
"29.290556","25.617779"
"-59.250000","-33.716667"
"-82.500000","27.700001"
"-82.800003","27.799999"
"-103.522636","53.210037"
"-92.147224","32.234165"
"-92.329170","31.820278"
"-0.283333","40.816666"
"-108.409721","45.259998"
"16.544167","47.907223"
"-76.730797","38.541199"
"-117.707779","33.483612"
"18.694000","25.778999"
"18.181944","25.715000"
"58.349998","-24.383333"
"25.518888","29.202778"
"-59.250000","-33.716667"
"144.000000","43.166668"
"79.816666","8.283333"
"45.903057","-15.711944"
"-89.392776","32.268612"
"141.177780","39.066113"
"-108.754723","35.273888"
"138.274170","38.006668"
"-74.719719","-15.580833"
"-104.500000","43.000000"
"-104.569000","43.165260"
"-104.500000","43.000000"
"-104.650002","43.250000"
"-104.500000","43.000000"
"-104.566704","43.216702"
"-104.516701","43.250000"
"-104.500000","43.000000"
"6.368611","51.285557"
"-104.500000","43.000000"
"-104.583298","43.116699"
"-104.616699","43.266701"
"-104.650002","43.266701"
"-104.533302","43.283298"
"-77.514442","37.927223"
"-74.274170","40.259998"
"-78.497307","34.571682"
"-80.811386","27.830278"
"-76.170280","36.791668"
"-89.716667","21.066668"
"-176.667007","-43.750000"
"-97.320831","32.788891"
"-115.965836","32.825558"
"-118.848335","35.492779"
"-75.671387","-14.558056"
"-74.871994","-15.441929"
"-74.781944","-15.482778"
"-74.746391","-15.576944"
"-74.690277","-15.557222"
"138.240005","38.033333"
"15.833333","38.016666"
"0.833330","32.716671"
"-112.865601","51.549999"
"1.916667","29.666670"
"12.217500","46.139999"
"37.752220","51.288612"
"67.000000","40.099998"
"-0.466667","45.750000"
"-3.816111","31.291668"
"-76.514168","38.602779"
"-76.704170","38.542778"
"-76.514168","38.602779"
"-3.855000","30.905001"
"-116.438004","39.203999"
"79.051941","20.350834"
"-121.929169","46.983334"
"5.550000","46.666672"
"-117.295280","33.130001"
"-80.148331","33.327499"
"-1.133333","43.666668"
"-0.674444","41.001389"
"-1.016667","45.616669"
"-96.000000","33.250000"
"-84.927780","32.381943"
"-74.566666","40.099998"
"-93.066666","47.400002"
"-112.118614","37.634724"
"-88.590836","34.439999"
"30.150000","29.316668"
"30.666668","29.600000"
"30.150000","29.316668"
"-108.183609","36.281113"
"35.700001","31.183332"
"65.500000","41.633331"
"-0.133889","50.957500"
"-73.000000","40.099998"
"-88.699997","32.366669"
"-76.800003","35.400002"
"-76.817497","35.359722"
"-76.800003","35.400002"
"-88.699997","32.366669"
"-176.240005","-44.241001"
"-176.000000","-44.333332"
"176.533340","-43.666668"
"-113.459999","38.849998"
"7.950000","51.799999"
"-113.459999","38.849300"
"-113.343002","38.883999"
"-88.606392","35.233612"
"11.858333","45.651390"
"15.714722","48.831390"
"12.371389","51.339722"
"36.033333","32.016666"
"36.270832","30.746111"
"36.091946","29.990833"
"36.384167","29.802778"
"35.685001","32.608612"
"36.958332","31.934999"
"37.118332","31.574444"
"38.677502","32.520279"
"15.782500","48.634167"
"-118.500000","32.900002"
"-116.800003","32.116669"
"-74.719719","-15.580833"
"-122.406387","37.293056"
"-100.175964","38.716106"
"10.255789","33.172859"
"-44.385887","-2.404642"
"-0.233333","54.150002"
"20.066668","51.500000"
"6.218458","49.567909"
"9.703265","52.363239"
"2.650000","49.349998"
"-71.500000","-30.333332"
"178.483337","-18.450001"
"-74.333336","40.466667"
"-88.699997","32.366669"
"165.016663","-78.366669"
"-70.841667","-27.080833"
"17.321112","-30.324444"
"-109.009720","48.026943"
"-108.936111","47.787498"
"-108.909721","48.006943"
"-109.216667","48.583332"
"-106.316666","48.049999"
"-109.666664","48.533333"
"-108.916664","47.833332"
"-109.016670","47.983334"
"-109.150002","47.866669"
"-113.459999","39.840000"
"-109.009720","48.026943"
"-109.300003","48.250000"
"0.150000","51.433334"
"-70.879440","-27.139168"
"-2.337500","48.475834"
"46.582222","-15.907778"
"-89.083336","37.183334"
"-107.708336","44.045555"
"-107.668335","44.121113"
"-107.666664","44.116669"
"12.633333","56.750000"
"9.858333","48.351391"
"9.803889","48.325832"
"9.808889","48.334999"
"10.016389","48.322777"
"-106.876312","41.939877"
"-107.000000","41.799999"
"10.020278","48.339722"
"12.633333","56.750000"
"-107.666664","44.116669"
"-107.650002","43.716667"
"-107.800003","44.233334"
"17.977671","48.201401"
"141.603058","-38.361942"
"14.035833","42.243610"
"-76.704170","38.542778"
"-124.323059","43.314999"
"-5.850000","34.316666"
"72.982780","21.326389"
"-111.436096","49.083698"
"-75.199997","39.299999"
"-84.966110","32.137501"
"140.211105","38.331669"
"-78.083336","34.875000"
"0.533333","42.299999"
"-77.150002","35.066666"
"-76.986946","38.383610"
"-76.516670","38.547779"
"-76.524445","38.643612"
"-76.533333","38.674999"
"-76.516388","38.530834"
"-76.533333","38.674999"
"-76.514168","38.602779"
"-76.533333","38.674999"
"-76.514168","38.602779"
"-76.516388","38.530834"
"-76.514168","38.630554"
"-76.514168","38.602779"
"-76.533333","38.674999"
"-76.514168","38.602779"
"-76.986946","38.383610"
"-76.966942","38.180279"
"-76.505836","38.502777"
"-76.524445","38.643612"
"-76.811668","38.166111"
"-76.442223","38.436111"
"-76.505836","38.502777"
"-76.574165","38.391388"
"-76.482498","38.471668"
"-76.574165","38.391388"
"-76.495277","38.383331"
"-76.505836","38.502777"
"-80.437225","33.242222"
"90.666664","25.166668"
"70.021667","23.092222"
"-77.283890","37.767223"
"-83.425003","32.424999"
"-83.500000","32.741669"
"-118.000000","34.000000"
"-0.692593","45.929531"
"-0.983333","45.750000"
"-0.903621","47.068943"
"-98.000000","42.599998"
"-76.877777","38.893055"
"-106.099998","47.799999"
"30.740000","29.664000"
"0.380022","49.113899"
"-107.833336","50.500000"
"4.316667","16.983330"
"-107.000000","41.799999"
"-106.891731","41.940620"
"-106.881096","41.935242"
"-106.853416","41.938137"
"-106.880623","41.938744"
"-106.882240","41.935326"
"-106.876312","41.939877"
"-106.892410","41.939758"
"-106.882240","41.935326"
"-116.049446","33.026943"
"68.743614","23.684723"
"-111.500000","37.799999"
"10.737222","43.636665"
"80.916664","22.900000"
"15.593056","48.286945"
"1.011000","41.124001"
"1.266700","41.366699"
"0.986055","42.165634"
"0.955962","42.161762"
"-0.250000","51.483334"
"-84.208336","30.878332"
"-101.156387","27.811943"
"120.407219","23.048889"
"22.500000","31.189167"
"-116.000000","37.000000"
"-116.000000","39.000000"
"17.830833","-34.382500"
"-3.233333","6.700000"
"27.583332","-32.983334"
"69.146667","29.031111"
"-113.459999","38.849998"
"1.266111","52.936390"
"1.150000","52.933334"
"-71.849998","-33.933334"
"92.733330","22.883333"
"93.000000","23.000000"
"-76.569725","38.389999"
"-76.483330","38.406666"
"-76.381111","38.384445"
"-76.569725","38.389999"
"-79.670555","33.328609"
"-79.529167","34.064167"
"1.334000","6.309000"
"-101.400276","25.500000"
"30.691999","29.615999"
"28.820278","30.381111"
"70.383331","30.600000"
"-82.366669","29.633333"
"-103.522636","53.210037"
"-103.000000","53.119999"
"-102.240944","53.480598"
"-86.616669","31.816668"
"-86.699997","31.650000"
"-87.366669","31.816668"
"-0.516667","44.366669"
"-87.533333","31.833332"
"11.816667","53.716667"
"-88.216667","32.083332"
"-85.583336","31.333332"
"-3.233333","6.700000"
"-7.500000","5.000000"
"-84.849998","31.700001"
"-86.699997","31.533333"
"-88.216667","32.083332"
"-87.966667","31.916668"
"-85.133331","31.400000"
"-88.033333","31.066668"
"11.750000","45.500000"
"1.183333","51.083332"
"-76.364998","38.065834"
"130.333328","33.583332"
"-70.277222","11.249167"
"-87.791664","31.386110"
"-87.889999","32.840279"
"-88.080559","32.909168"
"-88.128334","32.957779"
"-87.197510","32.410885"
"-87.197220","32.418610"
"-88.023056","32.756390"
"-85.293610","32.272499"
"-87.503334","32.270557"
"-87.197510","32.410885"
"-88.258057","33.122780"
"-87.791664","31.386110"
"-88.080559","32.909168"
"-87.197510","32.410885"
"-88.023056","32.756390"
"-87.791664","31.386110"
"-87.197510","32.410885"
"-88.084724","32.923332"
"-87.961388","31.707222"
"-87.516945","31.541668"
"-78.268082","34.396740"
"-78.599998","34.599998"
"-85.476944","31.198055"
"-87.961388","31.707222"
"-76.708336","38.963890"
"-88.458885","31.930279"
"-87.900002","31.500000"
"-87.160278","31.553333"
"-84.987778","32.460835"
"-86.383331","32.316666"
"-97.514999","30.168333"
"-84.199997","30.299999"
"-87.516388","32.604443"
"-101.343056","47.121944"
"-74.683060","39.972500"
"-74.726669","39.253613"
"-74.170555","40.199165"
"-74.531387","40.067780"
"-77.262497","38.414165"
"-77.251663","38.450832"
"-78.513611","38.871944"
"-77.590836","38.501110"
"-77.521111","38.393333"
"-74.683060","39.972500"
"-74.300003","40.299999"
"-74.686943","39.855831"
"-74.300003","40.299999"
"-77.590836","38.501110"
"-76.991112","38.398888"
"-74.300003","40.299999"
"-77.251663","38.450832"
"-74.253059","40.346668"
"-77.175278","38.432777"
"-76.991112","38.398888"
"-77.262497","38.414165"
"-77.251663","38.450832"
"-78.766113","37.318611"
"-78.184998","38.926388"
"-77.521111","38.393333"
"-77.433891","37.540833"
"-78.513611","38.871944"
"-77.274719","38.336109"
"-77.142776","38.601665"
"-77.251663","38.450832"
"-74.253059","40.346668"
"-78.766113","37.318611"
"-78.184998","38.926388"
"-77.433891","37.540833"
"-77.590836","38.501110"
"-77.251663","38.450832"
"-76.991112","38.398888"
"-78.766113","37.318611"
"-77.521111","38.393333"
"-77.251663","38.450832"
"-88.956665","32.071667"
"-80.400002","33.099998"
"-88.686386","31.866943"
"-76.500000","38.400002"
"-82.301941","29.658056"
"-80.400002","33.099998"
"-76.500000","38.400002"
"-80.400002","33.099998"
"-76.501663","38.240002"
"-76.500000","38.400002"
"-76.730797","38.541199"
"-76.811668","38.166111"
"-76.500000","38.400002"
"-77.443336","37.538891"
"-80.400002","33.099998"
"-76.500000","38.400002"
"-76.501663","38.240002"
"-76.500000","38.400002"
"-81.099998","32.083000"
"-76.500000","38.400002"
"-76.811668","38.166111"
"-77.443336","37.538891"
"-80.400002","33.099998"
"-76.811668","38.166111"
"-80.400002","33.099998"
"-76.500000","38.400002"
"-76.811668","38.166111"
"-80.400002","33.099998"
"-80.863609","32.637222"
"-76.500000","38.400002"
"-76.704170","38.542778"
"-80.400002","33.099998"
"-76.500000","38.400002"
"-76.811668","38.166111"
"-80.400002","33.099998"
"-76.500000","38.400002"
"-76.811668","38.166111"
"-77.443336","37.538891"
"-80.400002","33.099998"
"-87.900002","31.500000"
"-124.698662","49.554268"
"-102.161110","35.384998"
"-74.300003","40.299999"
"28.924782","28.431120"
"64.197220","46.432499"
"64.650002","46.026390"
"64.657501","46.020000"
"64.195274","46.380280"
"-118.314720","33.718056"
"-118.325279","33.783333"
"-118.293335","33.762501"
"-118.000000","34.000000"
"-118.199997","34.000000"
"-6.566667","32.866669"
"169.995560","-46.065834"
"5.729444","51.700279"
"6.799722","51.975555"
"5.411667","52.200558"
"6.693611","51.956112"
"6.733333","51.966667"
"6.606111","52.147778"
"72.283333","21.683331"
"72.375000","21.616667"
"86.721390","21.934999"
"140.949997","37.166668"
"68.777779","23.825556"
"68.949997","23.549999"
"-108.886665","40.762222"
"72.375000","21.616667"
"-75.166664","39.783333"
"-34.799999","-7.250000"
"10.888611","43.672222"
"5.729444","51.700279"
"-76.516388","38.530834"
"-76.505836","38.502777"
"12.766667","55.633331"
"6.586667","51.754444"
"-0.877559","40.661629"
"-107.000000","47.599998"
"-86.349998","32.349998"
"-104.002403","46.464298"
"-2.750000","52.666668"
"15.600000","49.983334"
"-80.099998","33.433334"
"12.933333","55.566666"
"12.133333","55.250000"
"172.616669","-43.049999"
"172.483337","-43.116669"
"172.616669","-43.049999"
"11.584697","48.918259"
"-122.583336","40.450001"
"113.633331","-24.450001"
"12.793333","55.975555"
"24.650000","55.066666"
"23.900000","54.900002"
"22.900000","55.099998"
"71.266670","26.066668"
"1.988889","41.779446"
"169.965836","-46.257500"
"22.600000","46.782780"
"11.210000","45.578609"
"-6.310833","31.415001"
"-9.102778","38.779446"
"-9.234722","38.645279"
"-9.102778","38.779446"
"-9.234722","38.645279"
"-34.846668","-7.882222"
"-84.532776","9.520000"
"4.443889","51.156666"
"-6.566667","32.866669"
"-5.850000","34.316666"
"-8.983333","31.116667"
"-9.119722","38.749722"
"14.983333","53.816666"
"-0.100000","51.849998"
"-2.333333","50.750000"
"-2.621667","51.502777"
"-2.456111","51.193054"
"-96.961388","34.445557"
"75.764999","21.987223"
"9.616667","52.433334"
"-80.807220","32.458332"
"-79.916664","32.766666"
"-80.807220","32.458332"
"12.326111","51.218334"
"12.211667","51.125557"
"12.464167","51.193054"
"1.633333","50.750000"
"1.616667","50.766666"
"-6.620833","32.875000"
"35.638889","33.987778"
"35.749168","34.170834"
"35.638889","33.987778"
"11.011111","52.224445"
"-75.116386","39.000000"
"71.208611","26.434723"
"46.420555","-15.633889"
"-96.033333","40.033333"
"-98.916664","39.000000"
"-100.699997","38.716667"
"-0.395556","43.231388"
"-75.900002","-14.333000"
"7.716667","49.833332"
"-117.629173","33.659168"
"-116.035835","32.825558"
"-111.733330","24.816668"
"-16.031944","23.355000"
"10.722500","43.550835"
"10.606389","43.528610"
"10.531667","43.464722"
"-81.540001","31.191944"
"93.577782","25.829166"
"-80.268890","33.026390"
"27.427999","29.158001"
"-160.235275","56.005554"
"-118.505836","34.364166"
"-76.273056","-13.868056"
"-5.843611","43.342777"
"-111.502129","50.747658"
"-74.785004","39.958889"
"-97.862907","32.191631"
"-97.689445","32.946945"
"-97.581108","32.150833"
"-97.889442","31.951668"
"-97.601112","33.237221"
"-97.601112","33.034168"
"-98.859169","31.868610"
"-97.960556","32.846943"
"-98.918610","31.923056"
"-97.994446","32.360279"
"-98.827499","31.792778"
"-71.058891","-53.138332"
"-72.366669","-50.950001"
"157.699997","35.683334"
"169.883331","35.366669"
"-177.066666","37.683334"
"-160.283340","37.866669"
"-154.933334","30.366667"
"-152.250000","-7.416667"
"-131.383331","-39.066666"
"-146.533340","-18.916668"
"-137.783340","9.950000"
"-126.949997","28.383333"
"-137.783340","9.950000"
"-126.949997","28.383333"
"-137.783340","9.950000"
"-126.949997","28.383333"
"-70.534447","-23.357500"
"-56.650002","-64.240555"
"7.986389","51.793331"
"8.191667","51.818611"
"141.429718","41.401943"
"-70.966667","-27.633333"
"-99.244720","39.081112"
"-112.145279","41.923611"
"-111.943886","41.523609"
"-116.169998","36.650002"
"-115.379997","37.340000"
"-115.800003","37.299999"
"-116.250000","39.200001"
"-116.500000","37.119999"
"-116.610001","36.389999"
"-117.489998","36.779999"
"-113.360001","38.919998"
"-113.440002","38.820000"
"-113.459999","38.840000"
"-112.169998","39.169998"
"-111.470001","42.000000"
"-112.820000","40.889999"
"-117.489998","36.779999"
"-116.419998","38.279999"
"-116.169998","36.650002"
"-115.680000","36.270000"
"-115.379997","37.340000"
"-116.250000","39.200001"
"-114.919998","39.480000"
"17.809999","49.480000"
"23.989676","43.238064"
"-104.223610","43.305832"
"-113.459999","38.840000"
"-98.449997","38.583332"
"-117.712219","33.561943"
"44.736389","50.880833"
"17.757778","79.800552"
"-77.400002","38.299999"
"172.600006","-43.049999"
"-70.009445","11.930000"
"-0.827955","45.967049"
"30.041580","29.281731"
"30.034445","29.281668"
"-77.391670","37.207500"
"-92.008888","32.019444"
"-90.193054","32.901112"
"78.920555","11.083889"
"-116.041664","50.679169"
"-47.156944","-1.205278"
"-47.216667","-1.177222"
"-48.170555","-0.480000"
"-47.157223","-1.046389"
"-47.541668","-0.625833"
"-47.287498","-0.595833"
"-47.338333","-1.225833"
"-75.656387","-14.589722"
"14.498889","56.148888"
"17.287500","-30.320557"
"-57.849998","-63.916668"
"10.250000","33.013889"
"10.211111","32.655556"
"8.157222","47.682777"
"49.264168","40.502777"
"-120.722504","36.716110"
"-75.906944","-14.336944"
"5.683333","50.816666"
"10.505000","51.902000"
"-122.446381","37.000000"
"-122.446381","37.470150"
"-122.446381","37.000000"
"-122.446381","37.470150"
"-122.446381","37.000000"
"-122.446381","37.470150"
"-122.446381","37.000000"
"-103.576942","44.653610"
"37.666668","34.333332"
"37.799999","34.299999"
"37.833332","34.299999"
"38.166668","34.333332"
"38.750000","34.750000"
"-0.676944","38.084999"
"-79.836388","9.354444"
"-79.810837","9.366944"
"-70.018890","11.973889"
"-116.800003","32.116669"
"-100.500000","39.000000"
"18.450001","-33.883331"
"65.800003","40.099998"
"36.033333","32.016666"
"62.655315","42.117294"
"-112.833336","49.683334"
"170.983337","-44.966667"
"9.770000","49.000000"
"11.145000","48.910000"
"20.526667","50.520832"
"7.220556","52.590832"
"-67.044998","18.485832"
"-76.172775","36.789165"
"10.333333","52.150002"
"-104.010277","46.331112"
"-6.633333","32.883331"
"-99.702225","44.188332"
"28.984167","28.334999"
"-75.094719","39.867500"
"-76.513611","38.517502"
"35.683334","33.950001"
"-74.171944","40.384724"
"-75.085831","39.805000"
"-74.918999","40.022999"
"-74.848610","39.921112"
"-75.064163","39.802223"
"-4.200000","31.570000"
"-76.851944","38.913612"
"-74.274170","40.259998"
"-116.800003","32.116669"
"-74.012779","40.177223"
"-123.260559","45.996944"
"-124.000000","45.047501"
"-123.496666","47.255833"
"-126.469719","49.386112"
"-74.170555","40.199165"
"-75.255554","39.690556"
"-74.686943","39.855831"
"-75.329170","39.559723"
"-75.631943","39.556946"
"-75.728889","39.540279"
"-75.650833","39.552502"
"-75.628609","39.555557"
"-75.728889","39.540279"
"-77.262497","38.414165"
"-77.023613","38.706944"
"-77.590836","38.501110"
"-74.116669","40.250000"
"-77.061943","38.384445"
"-77.269165","38.463890"
"-77.590836","38.501110"
"-77.521111","38.393333"
"-77.300003","38.599998"
"-77.023613","38.706944"
"-77.142776","38.601665"
"-77.165558","38.576111"
"-75.738052","39.540833"
"-76.849998","38.900002"
"-75.738052","39.540833"
"-76.480553","39.066387"
"-76.540276","39.110001"
"-76.530281","39.035000"
"-76.906670","38.896111"
"-76.540276","39.110001"
"-75.774651","39.464550"
"-75.738052","39.540833"
"-76.540276","39.110001"
"-76.906670","38.896111"
"-112.891945","49.520557"
"130.949997","33.950001"
"-117.377777","33.209721"
"-60.552776","-31.709999"
"6.110604","43.604431"
"-3.855000","30.905001"
"-103.068611","37.336666"
"-74.690002","39.970001"
"-94.639999","39.070000"
"-95.370003","39.830002"
"-94.584000","39.085999"
"-95.370003","39.830002"
"-94.570000","39.090000"
"-95.370003","39.830002"
"-94.602898","39.075600"
"-94.639999","39.070000"
"69.000000","41.716667"
"-2.700000","52.365002"
"-6.683333","32.650002"
"-16.817778","15.044167"
"140.981003","37.103001"
"-56.616669","-64.199997"
"-65.449997","-43.283333"
"170.983337","-44.966667"
"-5.850000","34.316666"
"8.816667","49.150002"
"-112.883331","51.995834"
"8.816667","49.150002"
"-117.604446","55.713890"
"-101.150002","38.950001"
"39.228420","-9.704556"
"39.220970","-9.714952"
"14.004444","32.732498"
"9.990000","52.270000"
"9.890000","52.279999"
"-0.500000","52.070000"
"9.890000","52.279999"
"-0.500000","52.070000"
"9.770000","49.220001"
"10.170000","48.709999"
"-101.183334","38.916668"
"-103.502220","46.413055"
"-2.391389","51.203056"
"-5.850000","34.316666"
"8.691667","56.890278"
"5.683333","50.816666"
"9.058611","48.560555"
"-103.328056","35.107498"
"5.616667","49.708332"
"5.662348","49.697243"
"5.686589","49.696095"
"9.875000","52.235001"
"10.440000","51.915001"
"9.700000","52.340000"
"10.500000","51.910000"
"9.510000","48.630001"
"-60.491669","-32.083332"
"27.427999","29.158001"
"14.401667","56.139442"
"14.387222","56.120556"
"13.848333","56.116669"
"14.016667","55.900002"
"14.498889","56.148888"
"-1.128611","50.663612"
"41.500000","21.183332"
"41.416668","21.166668"
"5.797784","17.708801"
"19.038055","50.803333"
"19.044722","50.801109"
"19.037779","50.803055"
"6.108889","49.479443"
"5.752778","49.639721"
"5.798000","49.567001"
"2.233333","48.816666"
"-74.719719","-15.580833"
"9.839000","52.169998"
"34.616669","45.366669"
"-37.171391","-10.845278"
"-37.149723","-10.855556"
"-82.500000","27.500000"
"-82.366669","29.683332"
"-2.336512","50.631821"
"-103.169876","29.104792"
"18.068056","59.306946"
"46.599998","-15.900000"
"-70.070557","10.368056"
"30.036667","29.283611"
"-79.883797","9.277436"
"12.421111","44.035000"
"13.414444","43.255554"
"-56.603333","-64.239441"
"29.140556","28.815277"
"-108.400002","49.299999"
"174.800003","-36.283333"
"17.977671","48.201401"
"6.053000","49.485001"
"8.760000","48.209000"
"-124.545555","42.825001"
"5.590000","46.715000"
"4.850000","49.700001"
"6.200000","48.700001"
"15.404167","-27.438057"
"3.413889","49.540279"
"-56.665558","-64.234718"
"-56.665279","-64.248337"
"65.562668","56.283760"
"65.376595","55.488922"
"63.146484","56.860535"
"4.563495","50.918949"
"-56.651112","-64.233612"
"-56.677502","-64.242226"
"-56.631111","-64.237221"
"-56.680279","-64.246109"
"18.780001","50.450001"
"19.280001","50.240002"
"-110.262001","49.955898"
"-104.500000","43.000000"
"-117.744438","33.608330"
"-82.080276","27.656944"
"-81.800003","27.900000"
"-81.983330","27.799999"
"-81.800003","27.900000"
"-81.983330","27.799999"
"-81.800003","27.900000"
"-80.466667","-0.633333"
"-61.833332","17.633333"
"-81.133331","23.016666"
"-6.675833","37.333332"
"-6.676944","37.327221"
"-7.101111","37.217220"
"-6.612222","37.351112"
"-6.842500","37.271111"
"-80.449997","-0.600000"
"0.000000","100.000000"
"9.000000","55.283333"
"-72.977776","-36.594444"
"-78.454170","34.554169"
"175.335831","-39.774723"
"174.610321","-39.825939"
"3.148889","39.765556"
"3.028056","39.770832"
"9.850000","44.841110"
"10.084722","44.458057"
"9.694722","45.041389"
"10.259167","44.707500"
"10.558611","43.549168"
"11.678611","43.070557"
"11.324167","43.305000"
"10.546111","43.604721"
"-81.723610","29.645832"
"131.313049","25.943333"
"-150.279999","-22.350000"
"79.099998","21.150000"
"77.908333","17.191668"
"0.636389","51.796665"
"1.350000","51.966667"
"1.313056","52.094166"
"1.357724","52.046249"
"-122.724998","37.903332"
"-117.662498","33.501667"
"-84.771797","32.421452"
"-83.359169","32.905556"
"-85.015610","32.152958"
"4.283333","51.250000"
"-79.830559","33.667500"
"69.199997","28.950001"
"68.994781","29.023781"
"69.215538","28.943291"
"69.116669","28.850000"
"69.133331","28.850000"
"69.180176","28.848015"
"19.507000","50.459000"
"176.845444","-38.907539"
"33.133331","49.083332"
"13.300000","-8.750000"
"145.050003","-37.983334"
"-25.136110","37.001110"
"-70.833336","-27.133333"
"-116.941666","32.496387"
"-112.291389","27.368055"
"-109.616669","23.166668"
"8.866667","48.116669"
"-25.035278","36.929169"
"-25.024721","36.930000"
"17.616667","28.500000"
"-1.685000","48.151669"
"-2.024722","48.338890"
"-1.719406","48.065636"
"0.320000","47.450001"
"-70.794998","-27.042221"
"-71.849998","-42.333332"
"-82.514702","27.336000"
"7.220556","52.590832"
"-118.333336","33.792221"
"3.057778","39.920834"
"172.883713","-43.098690"
"177.745560","-38.523609"
"-67.004997","18.338329"
"-73.116669","-36.716667"
"-71.363823","11.858300"
"-72.568054","-35.800556"
"44.990768","51.238297"
"-118.500000","35.299999"
"-118.912178","35.465393"
"86.721390","21.934999"
"-79.678329","9.081111"
"-79.620003","9.020556"
"-79.649445","9.568333"
"-79.659721","9.539722"
"-79.653610","9.421389"
"15.811667","48.590279"
"14.304167","48.334167"
"-82.233330","23.100000"
"137.916672","35.750000"
"139.649994","-34.033001"
"139.300003","-34.900002"
"140.772507","-37.845001"
"139.649994","-34.033001"
"138.481674","-35.225277"
"138.467224","-30.134167"
"138.449997","-35.316666"
"138.600006","-34.916668"
"-79.836388","9.354444"
"-79.810837","9.366944"
"-79.882774","9.335278"
"-79.918053","9.299722"
"-79.838303","9.352800"
"-79.810280","9.351389"
"-79.816902","9.340800"
"-79.813057","9.349444"
"-79.812500","9.343056"
"-79.913330","9.279444"
"-79.816666","9.343611"
"-79.932899","9.265208"
"-79.821114","9.382222"
"-116.778053","32.099724"
"-117.624443","33.693333"
"-118.358612","33.785831"
"-118.916946","35.460278"
"-118.500000","35.299999"
"-117.800003","33.599998"
"-118.949997","35.549999"
"-119.306114","35.267776"
"-0.155000","52.040279"
"-93.011810","32.196297"
"-69.720276","11.378889"
"-83.000000","30.400000"
"-81.983330","27.799999"
"-82.525833","27.292221"
"14.236111","36.072224"
"14.340278","35.927776"
"14.236111","36.080555"
"14.333333","35.900002"
"14.336111","35.908333"
"145.589996","43.327221"
"145.548889","43.308613"
"132.766663","33.833332"
"130.116669","32.400002"
"130.583328","33.599998"
"140.883331","37.033333"
"130.883331","33.883331"
"139.649994","35.866669"
"138.616669","35.616669"
"138.100006","36.250000"
"136.899994","35.483334"
"136.500000","34.716667"
"132.750000","34.433334"
"139.645554","35.447498"
"127.933334","26.500000"
"139.638062","35.444168"
"136.897507","37.387779"
"136.783340","37.316666"
"136.691666","37.211109"
"137.133331","37.288891"
"137.069443","37.295834"
"137.945831","37.105556"
"137.947220","37.116669"
"136.812500","37.450001"
"136.780563","36.579166"
"136.776382","36.583332"
"136.833328","36.583332"
"136.833328","36.683334"
"136.316666","36.330555"
"136.966660","36.763889"
"138.883331","36.316666"
"139.368332","36.136112"
"-0.873740","44.572399"
"-0.058333","44.329723"
"-0.866667","44.556110"
"-0.246111","44.515556"
"-9.362778","38.706669"
"-0.873740","44.572399"
"-9.362778","38.706669"
"-3.614444","43.450832"
"0.333333","45.700001"
"-0.827955","45.967049"
"0.150000","45.633331"
"1.150000","45.066666"
"0.150000","45.633331"
"1.135833","43.689167"
"0.837222","43.757500"
"0.599722","43.729443"
"0.716389","44.896389"
"0.595000","44.653057"
"1.055278","43.707222"
"-75.599998","39.200001"
"17.380833","48.586945"
"15.514167","46.886944"
"15.397778","46.872501"
"15.549722","46.778332"
"15.552500","46.798058"
"15.551111","46.730278"
"15.558889","46.739723"
"15.551111","46.730278"
"-123.202225","45.760555"
"-123.260559","45.996944"
"-123.189720","45.854721"
"15.364167","46.881943"
"15.471389","46.808613"
"8.650000","52.799999"
"16.633333","48.805557"
"16.983334","48.216667"
"20.516666","50.666668"
"-61.432365","12.475512"
"-61.423439","12.487568"
"-61.429970","12.460117"
"-61.430370","12.463584"
"-61.424637","12.489823"
"-61.422779","12.486831"
"-77.533333","18.049999"
"-76.833336","18.016666"
"-75.711113","-14.524444"
"-75.675552","-14.594444"
"-75.671669","-14.346944"
"-71.555000","-30.328611"
"-117.704720","33.635277"
"-79.754623","9.137980"
"-117.707779","33.483612"
"-122.047203","36.949699"
"-117.378609","33.195831"
"-116.959732","32.503368"
"-60.491669","-32.083332"
"-82.599998","29.650000"
"-82.516670","29.549999"
"-82.629997","30.230000"
"-81.650002","30.330000"
"-117.820274","33.840000"
"177.586227","-38.696400"
"178.319092","-38.223980"
"170.154999","-43.431000"
"-80.633057","-5.193333"
"-71.820274","-33.966110"
"-65.250000","-40.295277"
"-58.416668","-33.883331"
"-58.413891","-33.890278"
"-58.389168","-33.864166"
"-58.358891","-33.946388"
"-58.360001","-33.949165"
"-70.269447","11.248889"
"-69.519165","11.468333"
"-82.565277","9.572500"
"5.800000","51.466667"
"-8.173333","38.166389"
"-8.359167","38.110558"
"-8.118056","39.301666"
"-9.202222","39.067780"
"4.303889","39.860832"
"4.304722","39.850555"
"4.291667","39.829166"
"3.942500","39.968613"
"3.816667","40.030834"
"3.804167","40.010555"
"3.801111","40.011391"
"4.075556","39.936390"
"9.935556","53.582779"
"23.611944","35.463890"
"-71.398201","11.833000"
"4.461667","51.215279"
"-59.549999","13.216667"
"95.216667","18.816668"
"32.433334","35.033333"
"27.916668","41.433334"
"33.833332","29.500000"
"178.433334","-18.133333"
"3.383333","6.450000"
"-91.989998","32.000000"
"-3.861468","30.881699"
"-4.250000","31.799999"
"-90.244171","32.313061"
"-90.378326","32.825279"
"-90.857780","32.316940"
"-90.040558","32.264172"
"6.373150","43.705021"
"-88.401672","33.516941"
"10.289189","33.190479"
"-71.271385","11.948889"
"-71.359444","11.932778"
"-71.323891","11.851111"
"6.061389","43.256390"
"-110.975067","38.056343"
"-108.001099","46.760025"
"3.190000","6.920000"
"-103.614738","43.160049"
"-111.463272","50.741028"
"-34.837372","-7.857341"
"-122.036003","37.053001"
"-80.293335","9.156389"
"-80.044724","9.281389"
"12.133333","55.266666"
"-118.848335","35.492779"
"-124.066704","44.500000"
"-124.062500","44.645279"
"-123.653893","38.865002"
"-118.344444","36.010277"
"-25.024700","36.930000"
"36.511112","31.559723"
"-86.339996","32.349998"
"-75.548759","-14.570563"
"-4.189167","37.855831"
"1.007472","43.173611"
"-110.215553","47.153610"
"32.425835","-26.780832"
"53.980999","43.696999"
"30.166845","-31.117188"
"57.181389","50.298058"
"-74.957077","-7.363880"
"-74.958328","-7.364150"
"-74.957932","-7.364970"
"-74.958549","-7.365960"
"53.000000","17.000000"
"-108.955322","47.741337"
"107.907501","22.639444"
"1.773800","15.486300"
"-120.400002","36.099998"
"-70.269997","9.330000"
"-104.882233","38.841938"
"-106.735809","34.307762"
"-107.000000","35.700001"
"5.755000","49.540001"
"5.995000","49.450001"
"-1.800000","42.766666"
"130.490005","33.049999"
"32.360001","25.440001"
"61.046944","47.254444"
"73.067780","21.352222"
"70.333336","30.083332"
"-79.893608","34.341110"
"-111.000000","49.599998"
"-72.044167","-50.269169"
"-95.445274","31.126667"
"2.238333","48.812222"
"-96.507103","45.200600"
"-71.431664","12.025556"
"8.816667","49.150002"
"32.683613","49.072498"
"2.036667","43.332222"
"-105.080002","45.660000"
"-56.645832","-64.239441"
"32.962223","51.570831"
"-76.708336","38.963890"
"-74.992500","39.952499"
"10.938333","45.634998"
